도서관코드,도서관명,구분,시도,시군구
2030111007,더불어 숲,공공(일반),대구,북구
2030111012,제3의시간,공공(일반),서울,종로구
2060141162,가람도서관,공공(일반),경기,파주시
2060111000,가양도서관,공공(일반),서울,강서구
2060111042,가온도서관,공공(일반),서울,중구
2060125007,갈마도서관,공공(일반),대전,서구
2060141284,갈매도서관,공공(일반),경기,구리시
2060111092,갈산도서관,공공(일반),서울,양천구
2060123011,갈산도서관,공공(일반),인천,부평구
2060143024,감곡도서관,공공(일반),충북,음성군
2060141023,감골도서관,공공(일반),경기,안산시
2060147006,감포도서관,공공(일반),경북,경주시
2060143026,강내도서관,공공(일반),충북,청주시
2060111067,개봉도서관,공공(일반),서울,구로구
2060111018,거마도서관,공공(일반),서울,송파구
2060823014,검단도서관,공공(일반),인천,서구
2060123028,검암도서관,공공(일반),인천,서구
2060147038,경북도서관,공공(일반),경북,예천군
2060144001,계룡도서관,공공(일반),충남,계룡시
2060141130,고읍도서관,공공(일반),경기,양주시
2060142020,관전도서관,공공(일반),강원,철원군
2060125023,관평도서관,공공(일반),대전,유성구
2060141282,광남도서관,공공(일반),경기,광주시
2060141034,광명도서관,공공(일반),경기,광명시
2060141201,광적도서관,공공(일반),경기,양주시
2060121028,교리도서관,공공(일반),부산,기장군
2060141096,교하도서관,공공(일반),경기,파주시
2060125022,구암도서관,공공(일반),대전,유성구
2060125011,구즉도서관,공공(일반),대전,유성구
20601110046,글빛도서관,공공(일반),서울,성북구
2060121019,금곡도서관,공공(일반),부산,북구
2060141265,금사도서관,공공(일반),경기,여주시
2060121027,금샘도서관,공공(일반),부산,금정구
2060121008,금정도서관,공공(일반),부산,금정구
2060121009,기장도서관,공공(일반),부산,기장군
2060123018,꿈벗도서관,공공(일반),인천,중구
2060121002,남구도서관,공공(일반),부산,남구
2060142039,남면도서관,공공(일반),강원,홍천군
2060131014,남목도서관,공공(일반),울산,동구
2060141217,남사도서관,공공(일반),경기,용인시
2060123022,내가도서관,공공(일반),인천,강화군
2060148011,내서도서관,공공(일반),경남,창원시
2060125019,노은도서관,공공(일반),대전,유성구
2060141179,논골도서관,공공(일반),경기,성남시
2060111013,논현도서관,공공(일반),서울,강남구
2060141203,능평도서관,공공(일반),경기,광주시
2060121013,다대도서관,공공(일반),부산,사하구
2060147037,다산도서관,공공(일반),경북,고령군
2060147007,단석도서관,공공(일반),경북,경주시
2060111033,대림도서관,공공(일반),서울,영등포구
2060141199,대부도서관,공공(일반),경기,안산시
2060141240,대신도서관,공공(일반),경기,여주시
2060111014,대치도서관,공공(일반),서울,강남구
2060141160,덕계도서관,공공(일반),경기,양주시
2060141079,덕정도서관,공공(일반),경기,양주시
2060121003,동구도서관,공공(일반),부산,동구
2050149004,동녘도서관,공공(일반),제주,제주시
2060148008,동부도서관,공공(일반),경남,창원시
2060123009,동양도서관,공공(일반),인천,계양구
2060141289,동천도서관,공공(일반),경기,용인시
2060125014,둔산도서관,공공(일반),대전,서구
2060111077,등빛도서관,공공(일반),서울,강서구
2060121004,만덕도서관,공공(일반),부산,북구
2060141274,만선도서관,공공(일반),경기,광주시
2030141007,만화도서관,공공(일반),경기,부천시
2060121011,망미도서관,공공(일반),부산,수영구
2060131011,매곡도서관,공공(일반),울산,북구
2060143008,매포도서관,공공(일반),충북,단양군
2060148028,명곡도서관,공공(일반),경남,창원시
2030145001,명봉도서관,공공(일반),전북,정읍시
2060142024,모루도서관,공공(일반),강원,강릉시
20601110019,못골도서관,공공(일반),서울,강남구
2060111037,문래도서관,공공(일반),서울,영등포구
20601110024,미감도서관,공공(일반),서울,양천구
2060121006,반여도서관,공공(일반),부산,해운대구
2060141228,반월도서관,공공(일반),경기,안산시
20601110013,방배도서관,공공(일반),서울,서초구
2060123003,백령도서관,공공(일반),인천,옹진군
2060141194,별빛도서관,공공(일반),경기,남양주시
2060141137,보라도서관,공공(일반),경기,용인시
2060141174,본오도서관,공공(일반),경기,안산시
2060143006,봉양도서관,공공(일반),충북,제천시
2060123016,부개도서관,공공(일반),인천,부평구
2060121025,부산도서관,공공(일반),부산,사상구
2060147034,북삼도서관,공공(일반),경북,칠곡군
20601110022,불암도서관,공공(일반),서울,노원구
2060122019,비원도서관,공공(일반),대구,서구
2060121010,사상도서관,공공(일반),부산,사상구
2060145039,산들도서관,공공(일반),전북,군산시
2060143036,산책도서관,공공(일반),충북,제천시
2060123013,삼산도서관,공공(일반),인천,부평구
2060143030,삼성도서관,공공(일반),충북,음성군
2060146019,삼호도서관,공공(일반),전남,영암군
2060111074,상계도서관,공공(일반),서울,노원구
2060148003,상남도서관,공공(일반),경남,창원시
2060124013,상록도서관,공공(일반),광주,서구
2060141187,상현도서관,공공(일반),경기,용인시
2030122001,새벗도서관,공공(일반),대구,달서구
2060141262,서농도서관,공공(일반),경기,용인시
2060142037,서석도서관,공공(일반),강원,홍천군
2060123008,서운도서관,공공(일반),인천,계양구
2060111078,서울도서관,공공(일반),서울,중구
20601110009,서이도서관,공공(일반),서울,서초구
2060123021,서창도서관,공공(일반),인천,남동구
2060823013,석남도서관,공공(일반),인천,서구
2060125028,석봉도서관,공공(일반),대전,대덕구
2060147033,석적도서관,공공(일반),경북,칠곡군
2060141184,선부도서관,공공(일반),경기,안산시
2060111051,선유도서관,공공(일반),서울,영등포구
2060144034,설림도서관,공공(일반),전북,군산시
2060141260,성복도서관,공공(일반),경기,용인시
2060148024,성산도서관,공공(일반),경남,창원시
2060141055,세종도서관,공공(일반),경기,여주시
2060123020,소래도서관,공공(일반),인천,남동구
2060142002,소양도서관,공공(일반),강원,춘천시
2060141191,소하도서관,공공(일반),경기,광명시
2060123012,송림도서관,공공(일반),인천,동구
2050149002,송악도서관,공공(일반),제주,서귀포시
2060125020,송촌도서관,공공(일반),대전,대덕구
2060147032,송화도서관,공공(일반),경북,경주시
2060141207,수암도서관,공공(일반),경기,안산시
2060124006,신가도서관,공공(일반),광주,광산구
2060123015,신석도서관,공공(일반),인천,서구
2060124019,신용도서관,공공(일반),광주,북구
2060823015,심곡도서관,공공(일반),인천,서구
2060145031,아중도서관,공공(일반),전북,전주시
2030122009,아트도서관,공공(일반),대구,달성군
2060125012,안산도서관,공공(일반),대전,대덕구
2060149007,애월도서관,공공(일반),제주,제주시
20601110018,약수도서관,공공(일반),서울,동작구
2060141258,양벌도서관,공공(일반),경기,광주시
2060124016,양산도서관,공공(일반),광주,북구
2060141113,양산도서관,공공(일반),경기,오산시
2060141056,양평도서관,공공(일반),경기,양평군
2060144026,엄사도서관,공공(일반),충남,계룡시
2060141133,여주도서관,공공(일반),경기,여주시
2060111036,역삼도서관,공공(일반),서울,강남구
2060141244,연서도서관,공공(일반),경기,광명시
2060121014,연제도서관,공공(일반),부산,연제구
2060141085,연천도서관,공공(일반),경기,연천군
20601110039,열린도서관,공공(일반),서울,강남구
2060141283,영덕도서관,공공(일반),경기,용인시
2060121005,영도도서관,공공(일반),부산,영도구
2060146018,영암도서관,공공(일반),전남,영암군
2060141107,오포도서관,공공(일반),경기,광주시
2060143007,옥산도서관,공공(일반),충북,청주시
2060123030,용비도서관,공공(일반),인천,미추홀구
2060121033,우암도서관,공공(일반),부산,남구
2060131012,울산도서관,공공(일반),울산,남구
2050131004,울주도서관,공공(일반),울산,울주군
2060142023,원통도서관,공공(일반),강원,인제군
2060111034,월계도서관,공공(일반),서울,노원구
2060141150,월곶도서관,공공(일반),경기,시흥시
2060141229,월롱도서관,공공(일반),경기,파주시
2060125025,월평도서관,공공(일반),대전,서구
2060125009,유성도서관,공공(일반),대전,유성구
2060123035,임학도서관,공공(일반),인천,계양구
2060125015,자양도서관,공공(일반),대전,동구
2060123019,작전도서관,공공(일반),인천,계양구
20601110010,잠원도서관,공공(일반),서울,서초구
2060124012,장덕도서관,공공(일반),광주,광산구
2060148016,장유도서관,공공(일반),경남,김해시
2060141121,적성도서관,공공(일반),경기,파주시
2060125027,전민도서관,공공(일반),대전,유성구
2060141219,점동도서관,공공(일반),경기,여주시
2060121016,정관도서관,공공(일반),부산,기장군
20601110006,정릉도서관,공공(일반),서울,성북구
2060144036,정산도서관,공공(일반),충남,청양군
2050149005,제남도서관,공공(일반),제주,서귀포시
2050149001,제주도서관,공공(일반),제주,제주시
2060141119,조리도서관,공공(일반),경기,파주시
2060111072,조원도서관,공공(일반),서울,관악구
2060144037,죽정도서관,공공(일반),충남,보령시
2060124017,중흥도서관,공공(일반),광주,북구
2060121026,지사도서관,공공(일반),부산,강서구
2060144033,진산도서관,공공(일반),충남,금산군
2060125021,진잠도서관,공공(일반),대전,유성구
2060148007,진해도서관,공공(일반),경남,창원시
2060146038,철마도서관,공공(일반),전남,진도군
2060141145,철산도서관,공공(일반),경기,광명시
2030142002,철암도서관,공공(일반),강원,태백시
2060124007,첨단도서관,공공(일반),광주,광산구
2060111015,청담도서관,공공(일반),서울,강남구
2060111091,청수도서관,공공(일반),서울,성북구
2060123017,청천도서관,공공(일반),인천,부평구
2060111056,청파도서관,공공(일반),서울,용산구
2060141148,초월도서관,공공(일반),경기,광주시
2060144027,추부도서관,공공(일반),충남,금산군
2060144040,충남도서관,공공(일반),충남,홍성군
2060148015,칠암도서관,공공(일반),경남,김해시
2060147008,칠평도서관,공공(일반),경북,경주시
2060141204,탄현도서관,공공(일반),경기,파주시
2060149002,탐라도서관,공공(일반),제주,제주시
2060142043,태장도서관,공공(일반),강원,원주시
2060141271,퇴촌도서관,공공(일반),경기,광주시
2060141221,파평도서관,공공(일반),경기,파주시
2060149012,표선도서관,공공(일반),제주,서귀포시
2060111065,하늘도서관,공공(일반),서울,구로구
2060121030,하단도서관,공공(일반),부산,사하구
2060149009,한경도서관,공공(일반),제주,제주시
2060141149,한빛도서관,공공(일반),경기,파주시
2060141220,한울도서관,공공(일반),경기,파주시
2060141090,해밀도서관,공공(일반),경기,부천시
2060141128,해솔도서관,공공(일반),경기,파주시
2060125016,홍도도서관,공공(일반),대전,동구
2060141068,화도도서관,공공(일반),경기,남양주시
2060111071,화랑도서관,공공(일반),서울,노원구
2060121012,화명도서관,공공(일반),부산,북구
2060148021,화전도서관,공공(일반),경남,남해군
2060123005,효성도서관,공공(일반),인천,계양구
2060141277,흥천도서관,공공(일반),경기,여주시
2030111008,가락몰도서관,공공(일반),서울,송파구
2060125008,가수원도서관,공공(일반),대전,서구
2060141215,가재울도서관,공공(일반),경기,의정부시
2060146017,강진군도서관,공공(일반),전남,강진군
2060132008,고운동도서관,공공(일반),세종,세종시
2060141108,곤지암도서관,공공(일반),경기,광주시
2060111082,곰달래도서관,공공(일반),서울,강서구
2060122003,구수산도서관,공공(일반),대구,북구
20601110059,군자동도서관,공공(일반),서울,광진구
20601110047,김영삼도서관,공공(일반),서울,동작구
20601110052,까망돌도서관,공공(일반),서울,동작구
2060111035,꿈마을도서관,공공(일반),서울,구로구
2060148013,꿈이랑도서관,공공(일반),경남,통영시
2060132015,나성동도서관,공공(일반),세종,세종시
2060132011,다정동도서관,공공(일반),세종,세종시
2060132005,대평동도서관,공공(일반),세종,세종시
2060132002,도담동도서관,공공(일반),세종,세종시
2060111093,돌마리도서관,공공(일반),서울,송파구
2060141144,물푸레도서관,공공(일반),경기,파주시
2060142038,미리내도서관,공공(일반),강원,원주시
2060132013,반곡동도서관,공공(일반),세종,세종시
2060132007,보람동도서관,공공(일반),세종,세종시
2060147024,북울진도서관,공공(일반),경북,울진군
2030141001,사랑샘도서관,공공(일반),경기,수원시
2060141280,상록수도서관,공공(일반),경기,안산시
2060132006,새롬동도서관,공공(일반),세종,세종시
2060142042,샘마루도서관,공공(일반),강원,원주시
2050149006,서귀포도서관,공공(일반),제주,서귀포시
2060143031,서충주도서관,공공(일반),충북,충주시
2060132009,소담동도서관,공공(일반),세종,세종시
2060141235,소리울도서관,공공(일반),경기,오산시
2060121007,수영구도서관,공공(일반),부산,수영구
2060141253,술이홀도서관,공공(일반),경기,파주시
2060125026,아가랑도서관,공공(일반),대전,유성구
2060132003,아름동도서관,공공(일반),세종,세종시
2060111011,아리랑도서관,공공(일반),서울,성북구
2060131009,약숫골도서관,공공(일반),울산,중구
2060111070,어울림도서관,공공(일반),서울,중구
2060141290,오르빛도서관,공공(일반),경기,동두천시
2060143017,올누림도서관,공공(일반),충북,단양군
2060122020,원고개도서관,공공(일반),대구,서구
2060141170,원고잔도서관,공공(일반),경기,안산시
2060125024,원신흥도서관,공공(일반),대전,유성구
2060146033,정남진도서관,공공(일반),전남,장흥군
2060111021,정다운도서관,공공(일반),서울,강남구
2050143005,제천학생회관,공공(일반),충북,제천시
2060149008,조천읍도서관,공공(일반),제주,제주시
2060132004,종촌동도서관,공공(일반),세종,세종시
2060111022,즐거운도서관,공공(일반),서울,강남구
2060124021,책정원도서관,공공(일반),광주,동구
2060148043,최윤덕도서관,공공(일반),경남,창원시
2060141140,퇴계원도서관,공공(일반),경기,남양주시
2060123004,학나래도서관,공공(일반),인천,미추홀구
2060111050,학마을도서관,공공(일반),서울,도봉구
2060132001,한솔동도서관,공공(일반),세종,세종시
2050149003,한수풀도서관,공공(일반),제주,제주시
2060123027,해돋이도서관,공공(일반),인천,연수구
2060132014,해밀동도서관,공공(일반),세종,세종시
2060141226,해오름도서관,공공(일반),경기,성남시
2060111023,행복한도서관,공공(일반),서울,강남구
2030141004,희망샘도서관,공공(일반),경기,수원시
2060122026,New평리도서관,공공(일반),대구,서구
2060131002,농소1동도서관,공공(일반),울산,북구
2060111089,아름꿈 도서관,공공(일반),서울,종로구
2060131015,강동바다도서관,공공(일반),울산,북구
2050142003,강릉교육문화관,공공(일반),강원,강릉시
2060111079,강서영어도서관,공공(일반),서울,강서구
2060123002,강화군립도서관,공공(일반),인천,강화군
2060111059,개울건강도서관,공공(일반),서울,양천구
2060148038,경남대표도서관,공공(일반),경남,창원시
2060147019,경산시립도서관,공공(일반),경북,경산시
2060147004,경주시립도서관,공공(일반),경북,경주시
2060147005,경주중앙도서관,공공(일반),경북,경주시
2050142022,고성교육도서관,공공(일반),강원,고성군
2060142021,고성군립도서관,공공(일반),강원,고성군
2060148018,고성동부도서관,공공(일반),경남,고성군
2060132010,고운남측도서관,공공(일반),세종,세종시
2060145023,고창군립도서관,공공(일반),전북,고창군
20601110065,고척열린도서관,공공(일반),서울,구로구
2060148002,고향의봄도서관,공공(일반),경남,창원시
2060146014,고흥군립도서관,공공(일반),전남,고흥군
2060111010,관악중앙도서관,공공(일반),서울,관악구
2030146001,관옥나무도서관,공공(일반),전남,순천시
2060146049,광양광영도서관,공공(일반),전남,광양시
2060146046,광양금호도서관,공공(일반),전남,광양시
2060146044,광양용강도서관,공공(일반),전남,광양시
2060146011,광양중마도서관,공공(일반),전남,광양시
2060146010,광양중앙도서관,공공(일반),전남,광양시
2060111004,광진정보도서관,공공(일반),서울,광진구
2060144024,광천공공도서관,공공(일반),충남,홍성군
2050143011,괴산교육도서관,공공(일반),충북,괴산군
20601110071,구로미래도서관,공공(일반),서울,구로구
20601110004,구립상림도서관,공공(일반),서울,은평구
2060145017,군산시립도서관,공공(일반),전북,군산시
2060111028,글빛정보도서관,공공(일반),서울,관악구
2050143014,금왕교육도서관,공공(일반),충북,음성군
2060146023,금일공공도서관,공공(일반),전남,완도군
2060145009,김제시립도서관,공공(일반),전북,김제시
2060147009,김천시립도서관,공공(일반),경북,김천시
2060148039,김해율하도서관,공공(일반),경남,김해시
2060146009,나주시립도서관,공공(일반),전남,나주시
2060123034,남동논현도서관,공공(일반),인천,남동구
2060145022,남원시립도서관,공공(일반),전북,남원시
2060121024,내리새라도서관,공공(일반),부산,기장군
2060111026,노원중앙도서관,공공(일반),서울,노원구
2060146024,노화공공도서관,공공(일반),전남,완도군
2060144005,논산강경도서관,공공(일반),충남,논산시
2060144006,논산연무도서관,공공(일반),충남,논산시
2060144043,논산열린도서관,공공(일반),충남,논산시
2030121002,느티나무도서관,공공(일반),부산,해운대구
2030141006,느티나무도서관,공공(일반),경기,용인시
20601110050,다산성곽도서관,공공(일반),서울,중구
2050143015,단양교육도서관,공공(일반),충북,단양군
2060111075,달빛마루도서관,공공(일반),서울,성북구
2060122023,달서영어도서관,공공(일반),대구,달서구
2060122009,달성군립도서관,공공(일반),대구,달성군
2060121015,동래읍성도서관,공공(일반),부산,동래구
2030122008,동일공공도서관,공공(일반),대구,동구
2060123033,동춘나래도서관,공공(일반),인천,연수구
2050142011,동해교육도서관,공공(일반),강원,동해시
2060142033,둔내태성도서관,공공(일반),강원,횡성군
2030111011,라이브러리피치,공공(일반),서울,종로구
2060148012,마산합포도서관,공공(일반),경남,창원시
2060148010,마산회원도서관,공공(일반),경남,창원시
20601110016,마포중앙도서관,공공(일반),서울,마포구
2030121003,맨발동무도서관,공공(일반),부산,북구
2030111004,명성교회도서관,공공(일반),서울,강동구
2050142008,명주교육도서관,공공(일반),강원,강릉시
2060111052,목마교육도서관,공공(일반),서울,양천구
2060146001,목포시립도서관,공공(일반),전남,목포시
2060146043,목포영어도서관,공공(일반),전남,목포시
2060146020,무안군립도서관,공공(일반),전남,무안군
2050142007,문막교육도서관,공공(일반),강원,원주시
2060124004,문화의숲도서관,공공(일반),광주,서구
2050143006,미원교육도서관,공공(일반),충북,청주시
2060148006,밀양시립도서관,공공(일반),경남,밀양시
2060142047,별빛나루도서관,공공(일반),강원,홍천군
2060144009,보령시립도서관,공공(일반),충남,보령시
2060144010,보령주산도서관,공공(일반),충남,보령시
20601110069,보문숲길도서관,공공(일반),서울,성북구
2050143007,보은교육도서관,공공(일반),충북,보은군
2060143032,보은군립도서관,공공(일반),충북,보은군
2060121001,부산강서도서관,공공(일반),부산,강서구
2050121013,부산영어도서관,공공(일반),부산,부산진구
2060145019,부안군립도서관,공공(일반),전북,부안군
2060111083,사당솔밭도서관,공공(일반),서울,동작구
2060142017,사북공공도서관,공공(일반),강원,정선군
2060148044,사천시립도서관,공공(일반),경남,사천시
2050142005,삼척교육문화관,공공(일반),강원,삼척시
2060142012,삼척도계도서관,공공(일반),강원,삼척시
2060142013,삼척원덕도서관,공공(일반),강원,삼척시
2060144020,삽교공공도서관,공공(일반),충남,예산군
2060147046,상주시립도서관,공공(일반),경북,상주시
2060122024,서구영어도서관,공공(일반),대구,서구
2060124022,서빛마루도서관,공공(일반),광주,서구
2060144011,서산시립도서관,공공(일반),충남,서산시
2060123029,선학별빛도서관,공공(일반),인천,연수구
2060111002,성동구립도서관,공공(일반),서울,성동구
20601110037,성북길빛도서관,공공(일반),서울,성북구
2060111009,성북정보도서관,공공(일반),서울,성북구
2060149010,성산일출도서관,공공(일반),제주,서귀포시
2060132012,세종시립도서관,공공(일반),세종,세종시
2050142009,속초교육도서관,공공(일반),강원,속초시
2050142004,속초교육문화관,공공(일반),강원,속초시
2060142032,속초시립도서관,공공(일반),강원,속초시
20601110014,송파위례도서관,공공(일반),서울,송파구
2060145034,순창군립도서관,공공(일반),전북,순창군
20601110049,신당누리도서관,공공(일반),서울,중구
2060146025,신안군립도서관,공공(일반),전남,신안군
2060111027,신월음악도서관,공공(일반),서울,양천구
20601110035,쌍문채움도서관,공공(일반),서울,도봉구
2060149011,안덕산방도서관,공공(일반),제주,서귀포시
2060121020,안락누리도서관,공공(일반),부산,동래구
2060141020,안산중앙도서관,공공(일반),경기,안산시
2050142020,양구교육도서관,공공(일반),강원,양구군
2050142010,양양교육도서관,공공(일반),강원,양양군
20601110029,양원숲속도서관,공공(일반),서울,중랑구
2060141180,양주희망도서관,공공(일반),경기,양주시
20601110048,양천중앙도서관,공공(일반),서울,양천구
2060141057,양평용문도서관,공공(일반),경기,양평군
2060143019,엄정꿈터도서관,공공(일반),충북,충주시
2060111095,여의샛강도서관,공공(일반),서울,영등포구
2060123038,연수꿈담도서관,공공(일반),인천,연수구
2060123014,연수청학도서관,공공(일반),인천,연수구
2060131006,염포양정도서관,공공(일반),울산,북구
2060146021,영광군립도서관,공공(일반),전남,영광군
2050143009,영동교육도서관,공공(일반),충북,영동군
2050142015,영월교육도서관,공공(일반),강원,영월군
2060142014,영월주천도서관,공공(일반),강원,영월군
2060147015,영주시립도서관,공공(일반),경북,영주시
2060147045,영주하망도서관,공공(일반),경북,영주시
2060147016,영천시립도서관,공공(일반),경북,영천시
2060144031,예산군립도서관,공공(일반),충남,예산군
2060143025,오창호수도서관,공공(일반),충북,청주시
2060146012,옥과공공도서관,공공(일반),전남,곡성군
2060141236,옥정호수도서관,공공(일반),경기,양주시
2050143008,옥천교육도서관,공공(일반),충북,옥천군
2060143016,옥천군민도서관,공공(일반),충북,옥천군
2060146022,완도군립도서관,공공(일반),전남,완도군
2060141024,용인중앙도서관,공공(일반),경기,용인시
2050131002,울산남부도서관,공공(일반),울산,남구
2050131003,울산동부도서관,공공(일반),울산,동구
2060131013,울주천상도서관,공공(일반),울산,울주군
2060147030,울진남부도서관,공공(일반),경북,울진군
2050142002,원주교육문화관,공공(일반),강원,원주시
20601110070,원지공원도서관,공공(일반),서울,영등포구
2060141281,월피예술도서관,공공(일반),경기,안산시
2060111007,은평구립도서관,공공(일반),서울,은평구
2050143013,음성교육도서관,공공(일반),충북,음성군
2060143009,음성대소도서관,공공(일반),충북,음성군
2060147022,의성군립도서관,공공(일반),경북,의성군
2060141206,이동꿈틀도서관,공공(일반),경기,용인시
2060124014,이야기꽃도서관,공공(일반),광주,광산구
2060141045,이천시립도서관,공공(일반),경기,이천시
2050142021,인제교육도서관,공공(일반),강원,인제군
2060145042,임실군립도서관,공공(일반),전북,임실군
20601110040,자양한강도서관,공공(일반),서울,광진구
2060145012,장수군립도서관,공공(일반),전북,장수군
2060145025,전북도청도서관,공공(일반),전북,전주시
2050142017,정선교육도서관,공공(일반),강원,정선군
2060142046,정선군립도서관,공공(일반),강원,정선군
2060143004,제천시립도서관,공공(일반),충북,제천시
2060143005,제천여성도서관,공공(일반),충북,제천시
2060121032,주례열린도서관,공공(일반),부산,사상구
20601110034,중랑상봉도서관,공공(일반),서울,중랑구
2050143004,중원교육도서관,공공(일반),충북,충주시
2060142031,중천철학도서관,공공(일반),강원,원주시
2050143012,증평교육도서관,공공(일반),충북,증평군
2060143022,증평군립도서관,공공(일반),충북,증평군
2060123036,지혜의숲도서관,공공(일반),인천,강화군
2060147027,진보공공도서관,공공(일반),경북,청송군
2060148022,진영한빛도서관,공공(일반),경남,김해시
2050143010,진천교육도서관,공공(일반),충북,진천군
2060143021,진천군립도서관,공공(일반),충북,진천군
2060148001,창원중앙도서관,공공(일반),경남,창원시
2060144028,천안도솔도서관,공공(일반),충남,천안시
2060144029,천안두정도서관,공공(일반),충남,천안시
2060144022,천안성거도서관,공공(일반),충남,천안시
2060144030,천안신방도서관,공공(일반),충남,천안시
2060144014,천안쌍용도서관,공공(일반),충남,천안시
2060144021,천안중앙도서관,공공(일반),충남,천안시
2060144044,천안직산도서관,공공(일반),충남,천안시
2060144041,천안청수도서관,공공(일반),충남,천안시
2060142019,철원갈말도서관,공공(일반),강원,철원군
2050142018,철원교육도서관,공공(일반),강원,철원군
2060142018,철원김화도서관,공공(일반),강원,철원군
2060111094,청운문학도서관,공공(일반),서울,종로구
2060143028,청주금빛도서관,공공(일반),충북,청주시
2060143034,청주내수도서관,공공(일반),충북,청주시
2060143014,청주상당도서관,공공(일반),충북,청주시
2060143018,청주서원도서관,공공(일반),충북,청주시
2060143001,청주시립도서관,공공(일반),충북,청주시
2030143001,청주열린도서관,공공(일반),충북,청주시
2060143013,청주오창도서관,공공(일반),충북,청주시
2060143011,청주청원도서관,공공(일반),충북,청주시
2060143012,청주흥덕도서관,공공(일반),충북,청주시
2050142006,춘성교육도서관,공공(일반),강원,춘천시
2050142001,춘천교육문화관,공공(일반),강원,춘천시
2060142003,춘천남산도서관,공공(일반),강원,춘천시
2060142004,춘천동내도서관,공공(일반),강원,춘천시
2060142006,춘천서면도서관,공공(일반),강원,춘천시
2060142001,춘천시립도서관,공공(일반),강원,춘천시
2060143002,충주시립도서관,공공(일반),충북,충주시
2060147029,칠곡군립도서관,공공(일반),경북,칠곡군
2060145038,콩쥐팥쥐도서관,공공(일반),전북,완주군
2050142012,태백교육도서관,공공(일반),강원,태백시
2060142011,태백시립도서관,공공(일반),강원,태백시
2060142022,토성공공도서관,공공(일반),강원,고성군
2060148026,통영시립도서관,공공(일반),경남,통영시
2050142016,평창교육도서관,공공(일반),강원,평창군
2030111003,한국학생도서관,공공(일반),서울,중구
2030122002,한들마을도서관,공공(일반),대구,동구
2060123032,함박비류도서관,공공(일반),인천,연수구
2060146030,함평군립도서관,공공(일반),전남,함평군
20601110060,항동푸른도서관,공공(일반),서울,구로구
2060146027,해남군립도서관,공공(일반),전남,해남군
2060144035,홍산공공도서관,공공(일반),충남,부여군
2060111073,홍은도담도서관,공공(일반),서울,서대문구
2050142013,홍천교육도서관,공공(일반),강원,홍천군
2060142040,홍천내면도서관,공공(일반),강원,홍천군
2060142028,홍천연봉도서관,공공(일반),강원,홍천군
2060146037,화순열린도서관,공공(일반),전남,화순군
2060148020,화정글샘도서관,공공(일반),경남,김해시
2050142019,화천교육도서관,공공(일반),강원,화천군
2050142014,횡성교육도서관,공공(일반),강원,횡성군
2060142030,횡성군립도서관,공공(일반),강원,횡성군
20601110056,휘경행복도서관,공공(일반),서울,동대문구
20601110003,구의제3동도서관,공공(일반),서울,광진구
2060122016,서구 비산도서관,공공(일반),대구,서구
2060111039,자양제4동도서관,공공(일반),서울,광진구
2060124009,계림꿈나무도서관,공공(일반),광주,동구
2060121023,고촌어울림도서관,공공(일반),부산,기장군
2060144002,공주기적의도서관,공공(일반),충남,공주시
2060141131,과천시문원도서관,공공(일반),경기,과천시
2060141213,광명시충현도서관,공공(일반),경기,광명시
2060141035,광명시하안도서관,공공(일반),경기,광명시
2060141075,교문방정환도서관,공공(일반),경기,구리시
2060146013,구례군매천도서관,공공(일반),전남,구례군
20601110031,구로기적의도서관,공공(일반),서울,구로구
2060111012,구로꿈나무도서관,공공(일반),서울,구로구
2060141074,구리시인창도서관,공공(일반),경기,구리시
20601110036,구립은뜨락도서관,공공(일반),서울,은평구
20601110001,구산동도서관마을,공공(일반),서울,은평구
20601110051,김근태기념도서관,공공(일반),서울,도봉구
2060141216,김포시고촌도서관,공공(일반),경기,김포시
2060141256,김포시마산도서관,공공(일반),경기,김포시
2060141132,김포시양곡도서관,공공(일반),경기,김포시
2060141223,김포시장기도서관,공공(일반),경기,김포시
2060141047,김포시중봉도서관,공공(일반),경기,김포시
2060141104,김포시통진도서관,공공(일반),경기,김포시
2060141232,김포시풍무도서관,공공(일반),경기,김포시
2060145045,남원어울림도서관,공공(일반),전북,남원시
2060121018,대라다목적도서관,공공(일반),부산,기장군
2060122018,대명어울림도서관,공공(일반),대구,남구
2060141080,동두천시립도서관,공공(일반),경기,동두천시
2060146048,목포어울림도서관,공공(일반),전남,목포시
20601110032,배봉산숲속도서관,공공(일반),서울,동대문구
2060146016,보성농어촌도서관,공공(일반),전남,보성군
2060146041,빛가람시립도서관,공공(일반),전남,나주시
20601110021,서초그림책도서관,공공(일반),서울,서초구
20601110044,서초청소년도서관,공공(일반),서울,서초구
2020141001,성남시구미도서관,공공(일반),경기,성남시
2060141237,성남시복정도서관,공공(일반),경기,성남시
2060141007,성남시분당도서관,공공(일반),경기,성남시
2060141008,성남시수정도서관,공공(일반),경기,성남시
2060141173,성남시운중도서관,공공(일반),경기,성남시
2060141006,성남시중앙도서관,공공(일반),경기,성남시
2060141009,성남시중원도서관,공공(일반),경기,성남시
2060141123,성남시판교도서관,공공(일반),경기,성남시
2060147023,성주군청사도서관,공공(일반),경북,성주군
2060111029,성현동작은도서관,공공(일반),서울,관악구
20601110054,손기정문화도서관,공공(일반),서울,중구
2060111087,송파글마루도서관,공공(일반),서울,송파구
2060141001,수원시선경도서관,공공(일반),경기,수원시
2060141003,수원시영통도서관,공공(일반),경기,수원시
2060141183,수원시일월도서관,공공(일반),경기,수원시
2060141002,수원시중앙도서관,공공(일반),경기,수원시
2060141168,수원시창룡도서관,공공(일반),경기,수원시
2060141164,수원시한림도서관,공공(일반),경기,수원시
2060141116,시흥시군자도서관,공공(일반),경기,시흥시
2060141124,시흥시능곡도서관,공공(일반),경기,시흥시
2060141037,시흥시대야도서관,공공(일반),경기,시흥시
2060141141,시흥시매화도서관,공공(일반),경기,시흥시
2060141245,시흥시배곧도서관,공공(일반),경기,시흥시
2060141142,시흥시신천도서관,공공(일반),경기,시흥시
2060141288,시흥시은계도서관,공공(일반),경기,시흥시
2060141181,시흥시장곡도서관,공공(일반),경기,시흥시
2060141036,시흥시중앙도서관,공공(일반),경기,시흥시
20601110061,신대방누리도서관,공공(일반),서울,동작구
20601110058,아차산숲속도서관,공공(일반),서울,광진구
2060141193,안산미디어도서관,공공(일반),경기,안산시
2060141021,안산시관산도서관,공공(일반),경기,안산시
2060141022,안산시성포도서관,공공(일반),경기,안산시
2060141016,안양시만안도서관,공공(일반),경기,안양시
2060141017,안양시박달도서관,공공(일반),경기,안양시
2060141158,안양시벌말도서관,공공(일반),경기,안양시
2060141015,안양시석수도서관,공공(일반),경기,안양시
2060141018,안양시평촌도서관,공공(일반),경기,안양시
2060141019,안양시호계도서관,공공(일반),경기,안양시
2060141261,여주기적의도서관,공공(일반),경기,여주시
2060111054,역삼푸른솔도서관,공공(일반),서울,강남구
20601110008,영어특성화도서관,공공(일반),서울,양천구
2060141175,오산시초평도서관,공공(일반),경기,오산시
20601110015,용산꿈나무도서관,공공(일반),서울,용산구
2060141027,용인시구성도서관,공공(일반),경기,용인시
2060141025,용인시수지도서관,공공(일반),경기,용인시
2060141092,용인시죽전도서관,공공(일반),경기,용인시
2060141026,용인시포곡도서관,공공(일반),경기,용인시
2060111058,우장산숲속도서관,공공(일반),서울,강서구
2060131016,울산종갓집도서관,공공(일반),울산,중구
2060131008,울주선바위도서관,공공(일반),울산,울주군
20601110011,월곡꿈그림도서관,공공(일반),서울,성북구
2060111060,은천동작은도서관,공공(일반),서울,관악구
2060141052,의왕시내손도서관,공공(일반),경기,의왕시
2060141051,의왕시중앙도서관,공공(일반),경기,의왕시
2060141065,의정부과학도서관,공공(일반),경기,의정부시
2060141238,의정부미술도서관,공공(일반),경기,의정부시
2060141276,의정부영어도서관,공공(일반),경기,의정부시
2060141263,의정부음악도서관,공공(일반),경기,의정부시
2060141066,의정부정보도서관,공공(일반),경기,의정부시
2060123037,이룸청소년도서관,공공(일반),인천,동구
2060141046,이천시청미도서관,공공(일반),경기,이천시
2060142041,인제기적의도서관,공공(일반),강원,인제군
2060145016,임피채만식도서관,공공(일반),전북,군산시
2060146035,전라남도립도서관,공공(일반),전남,무안군
2050145015,정읍학생복지회관,공공(일반),전북,정읍시
2060149001,제주시우당도서관,공공(일반),제주,제주시
20601110073,종암동새날도서관,공공(일반),서울,성북구
2060144023,천안아우내도서관,공공(일반),충남,천안시
2060143033,청주가로수도서관,공공(일반),충북,청주시
2060141070,파주시중앙도서관,공공(일반),경기,파주시
2060141242,하남시미사도서관,공공(일반),경기,하남시
2060141227,하남시세미도서관,공공(일반),경기,하남시
2060141050,하남시신장도서관,공공(일반),경기,하남시
2060141257,하남시위례도서관,공공(일반),경기,하남시
2060141272,하남시일가도서관,공공(일반),경기,하남시
2060146032,해룡농어촌도서관,공공(일반),전남,순천시
20601110023,해맞이역사도서관,공공(일반),서울,양천구
2060141129,행복어린이도서관,공공(일반),경기,파주시
2060124020,효천어울림도서관,공공(일반),광주,남구
2060141100,가평군 설악도서관,공공(일반),경기,가평군
2060141083,가평군 조종도서관,공공(일반),경기,가평군
2060141143,가평군 청평도서관,공공(일반),경기,가평군
2060141062,고양시 화정도서관,공공(일반),경기,고양시
2060144003,공주시 웅진도서관,공공(일반),충남,공주시
2060141039,군포시 당동도서관,공공(일반),경기,군포시
2060141040,군포시 대야도서관,공공(일반),경기,군포시
2060141146,군포시 부곡도서관,공공(일반),경기,군포시
2060141038,군포시 산본도서관,공공(일반),경기,군포시
2060141088,군포시 중앙도서관,공공(일반),경기,군포시
2060141127,금촌3동솔빛도서관,공공(일반),경기,파주시
2060124015,남구 청소년도서관,공공(일반),광주,남구
2030141009,라이브러리 티티섬,공공(일반),경기,성남시
2060144012,서산시 대산도서관,공공(일반),충남,서산시
2060141286,성남시 고등도서관,공공(일반),경기,성남시
2060141230,성남시 서현도서관,공공(일반),경기,성남시
2060141243,성남시 위례도서관,공공(일반),경기,성남시
2060141233,시흥시 목감도서관,공공(일반),경기,시흥시
2060144016,아산시 둔포도서관,공공(일반),충남,아산시
2060144017,아산시 배방도서관,공공(일반),충남,아산시
2060144039,아산시 중앙도서관,공공(일반),충남,아산시
2060141122,안산시 부곡도서관,공공(일반),경기,안산시
2060141114,안성시 공도도서관,공공(일반),경기,안성시
2060141049,안성시 보개도서관,공공(일반),경기,안성시
2060141251,안성시 아양도서관,공공(일반),경기,안성시
2060141185,안성시 일죽도서관,공공(일반),경기,안성시
2060141091,안성시 중앙도서관,공공(일반),경기,안성시
2060141159,안성시 진사도서관,공공(일반),경기,안성시
2060141099,양주시 남면도서관,공공(일반),경기,양주시
2060141084,연천군 중앙도서관,공공(일반),경기,연천군
2060146047,영암군 학산도서관,공공(일반),전남,영암군
2060141097,오산시 중앙도서관,공공(일반),경기,오산시
2060141053,오산시 청학도서관,공공(일반),경기,오산시
2060141118,용인시 기흥도서관,공공(일반),경기,용인시
2060141098,용인시 동백도서관,공공(일반),경기,용인시
2060141138,용인시 모현도서관,공공(일반),경기,용인시
2060141190,용인시 청덕도서관,공공(일반),경기,용인시
2060141161,용인시 흥덕도서관,공공(일반),경기,용인시
2060131001,울산농소3동도서관,공공(일반),울산,북구
2060145043,익산시 유천도서관,공공(일반),전북,익산시
2060148031,창녕군 영산도서관,공공(일반),경남,창녕군
2060141101,하남시 나룰도서관,공공(일반),경기,하남시
2060141198,하남시 덕풍도서관,공공(일반),경기,하남시
2060111063,강동구립강일도서관,공공(일반),서울,강동구
20601110045,강동구립둔촌도서관,공공(일반),서울,강동구
2060111031,강동구립성내도서관,공공(일반),서울,강동구
2060111066,강동구립암사도서관,공공(일반),서울,강동구
20601110012,강동구립천호도서관,공공(일반),서울,강동구
2060111046,강동구립해공도서관,공공(일반),서울,강동구
2060142008,강릉시립중앙도서관,공공(일반),강원,강릉시
2060111005,강북문화정보도서관,공공(일반),서울,강북구
2060148035,거제시립수양도서관,공공(일반),경남,거제시
2060148042,거제시립아주도서관,공공(일반),경남,거제시
2060148025,거제시립옥포도서관,공공(일반),경남,거제시
2060148029,거제시립장평도서관,공공(일반),경남,거제시
2060148037,거제시립하청도서관,공공(일반),경남,거제시
2060147036,경산시립장산도서관,공공(일반),경북,경산시
2060141196,고양시립가좌도서관,공공(일반),경기,고양시
2060141275,고양시립높빛도서관,공공(일반),경기,고양시
2060141086,고양시립대화도서관,공공(일반),경기,고양시
2060141135,고양시립덕이도서관,공공(일반),경기,고양시
2060141060,고양시립마두도서관,공공(일반),경기,고양시
2060141061,고양시립백석도서관,공공(일반),경기,고양시
2060141176,고양시립삼송도서관,공공(일반),경기,고양시
2060141136,고양시립식사도서관,공공(일반),경기,고양시
2060141064,고양시립원당도서관,공공(일반),경기,고양시
2060141250,고양시립일산도서관,공공(일반),경기,고양시
2060141094,고양시립풍동도서관,공공(일반),경기,고양시
2060141087,고양시립한뫼도서관,공공(일반),경기,고양시
2060141063,고양시립행신도서관,공공(일반),경기,고양시
2060145026,고창군립성호도서관,공공(일반),전북,고창군
2060146015,고흥군립북부도서관,공공(일반),전남,고흥군
2060146034,고흥군립중앙도서관,공공(일반),전남,고흥군
2060124011,광주북구운암도서관,공공(일반),광주,북구
2060124005,광주북구일곡도서관,공공(일반),광주,북구
2060141048,광주시립중앙도서관,공공(일반),경기,광주시
2060141111,구리시립토평도서관,공공(일반),경기,구리시
2060111055,구립응암정보도서관,공공(일반),서울,은평구
2060111040,구립증산정보도서관,공공(일반),서울,은평구
2060147014,구미시립봉곡도서관,공공(일반),경북,구미시
2060147047,구미시립산동도서관,공공(일반),경북,구미시
2060147013,구미시립선산도서관,공공(일반),경북,구미시
2060147039,구미시립양포도서관,공공(일반),경북,구미시
2060147012,구미시립인동도서관,공공(일반),경북,구미시
2060147011,구미시립중앙도서관,공공(일반),경북,구미시
2060145044,군산시립금강도서관,공공(일반),전북,군산시
2060144004,금산인삼고을도서관,공공(일반),충남,금산군
2060111030,금천구립가산도서관,공공(일반),서울,금천구
2060111003,금천구립독산도서관,공공(일반),서울,금천구
2060111084,금천구립시흥도서관,공공(일반),서울,금천구
2060141154,남양주시진접도서관,공공(일반),경기,남양주시
20601110066,논현문화마루도서관,공공(일반),서울,강남구
2060122017,달서가족문화도서관,공공(일반),대구,달서구
2060122001,달서구립도원도서관,공공(일반),대구,달서구
2060122006,달서구립본리도서관,공공(일반),대구,달서구
2060122002,달서구립성서도서관,공공(일반),대구,달서구
2060144007,당진시립송악도서관,공공(일반),충남,당진시
2060144025,당진시립중앙도서관,공공(일반),충남,당진시
2060144008,당진시립합덕도서관,공공(일반),충남,당진시
2060122015,대구북구태전도서관,공공(일반),대구,북구
2050125001,대전학생교육문화원,공공(일반),대전,중구
2060111085,도곡정보문화도서관,공공(일반),서울,강남구
2060111008,도봉문화정보도서관,공공(일반),서울,도봉구
20601110042,동대문책마당도서관,공공(일반),서울,동대문구
2060142044,동해꿈빛마루도서관,공공(일반),강원,동해시
2060142009,동해시립발한도서관,공공(일반),강원,동해시
2060142010,동해시립북삼도서관,공공(일반),강원,동해시
2060143023,레인보우영동도서관,공공(일반),충북,영동군
2060111041,마포구립서강도서관,공공(일반),서울,마포구
2060147028,문경시립모전도서관,공공(일반),경북,문경시
2060147018,문경시립문희도서관,공공(일반),경북,문경시
2060147017,문경시립중앙도서관,공공(일반),경북,문경시
2060111086,미아문화정보도서관,공공(일반),서울,강북구
2060148032,밀양시립영어도서관,공공(일반),경남,밀양시
20601110025,방아다리문학도서관,공공(일반),서울,양천구
2060121029,부산시청열린도서관,공공(일반),부산,연제구
2060141013,부천시립꿈빛도서관,공공(일반),경기,부천시
2060141212,부천시립도당도서관,공공(일반),경기,부천시
2060141210,부천시립동화도서관,공공(일반),경기,부천시
2060141012,부천시립북부도서관,공공(일반),경기,부천시
2060141125,부천시립상동도서관,공공(일반),경기,부천시
2060141188,부천시립송내도서관,공공(일반),경기,부천시
2060141266,부천시립수주도서관,공공(일반),경기,부천시
2060141011,부천시립심곡도서관,공공(일반),경기,부천시
2060141234,부천시립역곡도서관,공공(일반),경기,부천시
2060141211,부천시립오정도서관,공공(일반),경기,부천시
2060141010,부천시립원미도서관,공공(일반),경기,부천시
2060149005,서귀포시동부도서관,공공(일반),제주,서귀포시
2060149006,서귀포시서부도서관,공공(일반),제주,서귀포시
2060149003,서귀포시중앙도서관,공공(일반),제주,서귀포시
20601110020,서초구립내곡도서관,공공(일반),서울,서초구
2060111081,서초구립반포도서관,공공(일반),서울,서초구
20601110033,서초구립양재도서관,공공(일반),서울,서초구
20601110007,석관동미리내도서관,공공(일반),서울,성북구
2060141172,성남시무지개도서관,공공(일반),경기,성남시
2060111024,성동구립금호도서관,공공(일반),서울,성동구
2060111080,성동구립성수도서관,공공(일반),서울,성동구
2060111032,성동구립용답도서관,공공(일반),서울,성동구
2060111088,성동구립청계도서관,공공(일반),서울,성동구
2060111016,솔샘문화정보도서관,공공(일반),서울,강북구
2060111068,송중문화정보도서관,공공(일반),서울,강북구
2060122011,수성구립고산도서관,공공(일반),대구,수성구
2060122008,수성구립범어도서관,공공(일반),대구,수성구
2060141156,수원시대추골도서관,공공(일반),경기,수원시
2060141224,수원시매여울도서관,공공(일반),경기,수원시
2060141167,수원시버드내도서관,공공(일반),경기,수원시
2060141005,수원시북수원도서관,공공(일반),경기,수원시
2060141004,수원시서수원도서관,공공(일반),경기,수원시
2060141169,수원시호매실도서관,공공(일반),경기,수원시
2060111069,수유문화정보도서관,공공(일반),서울,강북구
2060146036,순천시립삼산도서관,공공(일반),전남,순천시
2060146042,순천시립신대도서관,공공(일반),전남,순천시
2060141252,시흥시소래빛도서관,공공(일반),경기,시흥시
2060147010,안동시립웅부도서관,공공(일반),경북,안동시
2060147041,안동시립중앙도서관,공공(일반),경북,안동시
2060141192,안양시립관양도서관,공공(일반),경기,안양시
2060141117,안양시립비산도서관,공공(일반),경기,안양시
2060141202,안양시립삼덕도서관,공공(일반),경기,안양시
2060141152,양평군립양동도서관,공공(일반),경기,양평군
2060141153,양평군립지평도서관,공공(일반),경기,양평군
2060146003,여수시립돌산도서관,공공(일반),전남,여수시
2060146005,여수시립소라도서관,공공(일반),전남,여수시
2060146004,여수시립쌍봉도서관,공공(일반),전남,여수시
2060146006,여수시립율촌도서관,공공(일반),전남,여수시
2060146002,여수시립현암도서관,공공(일반),전남,여수시
2060146029,여수시립환경도서관,공공(일반),전남,여수시
2060146045,여수시이순신도서관,공공(일반),전남,여수시
2060145014,완주군립고산도서관,공공(일반),전북,완주군
2060145013,완주군립삼례도서관,공공(일반),전북,완주군
2060145030,완주군립중앙도서관,공공(일반),전북,완주군
2060131005,울산남구도산도서관,공공(일반),울산,남구
2060131007,울산남구신복도서관,공공(일반),울산,남구
2060131004,울산북구중앙도서관,공공(일반),울산,북구
2060131003,울주옹기종기도서관,공공(일반),울산,울주군
20601110057,원당마을한옥도서관,공공(일반),서울,도봉구
2060142007,원주시립중앙도서관,공공(일반),강원,원주시
2060122021,이천 어울림 도서관,공공(일반),대구,남구
2060141222,이천시립마장도서관,공공(일반),경기,이천시
2060141165,이천시립효양도서관,공공(일반),경기,이천시
2060145041,익산시립금마도서관,공공(일반),전북,익산시
2060145027,익산시립모현도서관,공공(일반),전북,익산시
2060145029,익산시립부송도서관,공공(일반),전북,익산시
2060145037,익산시립황등도서관,공공(일반),전북,익산시
20601110055,일원라온영어도서관,공공(일반),서울,강남구
2060145018,임실군립오수도서관,공공(일반),전북,임실군
2060146039,장성군립북이도서관,공공(일반),전남,장성군
2060146040,장성군립삼계도서관,공공(일반),전남,장성군
2060146028,장성군립중앙도서관,공공(일반),전남,장성군
20601110038,장위행복누림도서관,공공(일반),서울,성북구
2060145035,전주시립건지도서관,공공(일반),전북,전주시
2060145002,전주시립금암도서관,공공(일반),전북,전주시
2060145004,전주시립삼천도서관,공공(일반),전북,전주시
2060145024,전주시립서신도서관,공공(일반),전북,전주시
2060145005,전주시립송천도서관,공공(일반),전북,전주시
2060145001,전주시립완산도서관,공공(일반),전북,전주시
2060145003,전주시립인후도서관,공공(일반),전북,전주시
2060145028,전주시립평화도서관,공공(일반),전북,전주시
2060145036,전주시립효자도서관,공공(일반),전북,전주시
2060145006,정읍시립중앙도서관,공공(일반),전북,정읍시
2060143010,제천시립의병도서관,공공(일반),충북,제천시
2060111001,중랑구립정보도서관,공공(일반),서울,중랑구
2060148005,진주시립서부도서관,공공(일반),경남,진주시
2060148004,진주시립연암도서관,공공(일반),경남,진주시
2060143020,청주시립오송도서관,공공(일반),충북,청주시
2060142005,춘천신사우동도서관,공공(일반),강원,춘천시
2060143003,충주시립호암도서관,공공(일반),충북,충주시
2050143001,충청북도교육도서관,공공(일반),충북,청주시
2050143002,충청북도교육문화원,공공(일반),충북,청주시
2060142035,태백산소드림도서관,공공(일반),강원,태백시
2060144019,태안군립안면도서관,공공(일반),충남,태안군
2060144032,태안군립중앙도서관,공공(일반),충남,태안군
2060148014,통영시립욕지도서관,공공(일반),경남,통영시
2060148030,통영시립충무도서관,공공(일반),경남,통영시
2060142016,평창군립대화도서관,공공(일반),강원,평창군
2060142029,평창군립봉평도서관,공공(일반),강원,평창군
2060142015,평창군립진부도서관,공공(일반),강원,평창군
2060141214,평택시립세교도서관,공공(일반),경기,평택시
2060141032,평택시립안중도서관,공공(일반),경기,평택시
2060141178,평택시립오성도서관,공공(일반),경기,평택시
2060141155,평택시립장당도서관,공공(일반),경기,평택시
2060141186,평택시립청북도서관,공공(일반),경기,평택시
2060141031,평택시립팽성도서관,공공(일반),경기,평택시
2060141166,포천시립가산도서관,공공(일반),경기,포천시
2060141248,포천시립선단도서관,공공(일반),경기,포천시
2060141106,포천시립소흘도서관,공공(일반),경기,포천시
2060141151,포천시립영북도서관,공공(일반),경기,포천시
2060141076,포천시립일동도서관,공공(일반),경기,포천시
2060141134,포천시립중앙도서관,공공(일반),경기,포천시
2060147025,포항시립대잠도서관,공공(일반),경북,포항시
2060147040,포항시립연일도서관,공공(일반),경북,포항시
2060147002,포항시립영암도서관,공공(일반),경북,포항시
2060147003,포항시립오천도서관,공공(일반),경북,포항시
2060111044,푸른들청소년도서관,공공(일반),서울,강서구
2030122003,푸른초장공공도서관,공공(일반),대구,달서구
2060141269,하남시디지털도서관,공공(일반),경기,하남시
2060148036,함안군립칠원도서관,공공(일반),경남,함안군
2060121021,해운대인문학도서관,공공(일반),부산,해운대구
2060141042,화성시립남양도서관,공공(일반),경기,화성시
2060141044,화성시립병점도서관,공공(일반),경기,화성시
2060141105,화성시립봉담도서관,공공(일반),경기,화성시
2060141043,화성시립삼괴도서관,공공(일반),경기,화성시
2060141139,화성시립송산도서관,공공(일반),경기,화성시
2060141147,화성시립정남도서관,공공(일반),경기,화성시
2060141195,화성시립진안도서관,공공(일반),경기,화성시
2060141041,화성시립태안도서관,공공(일반),경기,화성시
2060146026,흑산자산문화도서관,공공(일반),전남,신안군
2060141082,가평군 한석봉도서관,공공(일반),경기,가평군
2060141264,고양시립 별꿈도서관,공공(일반),경기,고양시
2060141163,고양시립 신원도서관,공공(일반),경기,고양시
2060147043,김천시립 율곡도서관,공공(일반),경북,김천시
2060141095,남양주시 별내도서관,공공(일반),경기,남양주시
2060141112,남양주시 오남도서관,공공(일반),경기,남양주시
2060141103,남양주시 와부도서관,공공(일반),경기,남양주시
2060141069,남양주시 진건도서관,공공(일반),경기,남양주시
2060141110,남양주시 평내도서관,공공(일반),경기,남양주시
2060141208,남양주시 호평도서관,공공(일반),경기,남양주시
2060122007,동구구립 안심도서관,공공(일반),대구,동구
2030122006,사립공공 연암도서관,공공(일반),대구,북구
2060111053,소나무언덕2호도서관,공공(일반),서울,송파구
2060111064,소나무언덕3호도서관,공공(일반),서울,송파구
2060122005,수성구립 용학도서관,공공(일반),대구,수성구
2060122010,수성구립 파동도서관,공공(일반),대구,수성구
2060148045,양산시립 삼산도서관,공공(일반),경남,양산시
2060148040,양산시립 서창도서관,공공(일반),경남,양산시
2060148034,양산시립 영어도서관,공공(일반),경남,양산시
2060148017,양산시립 웅상도서관,공공(일반),경남,양산시
2060148027,양산시립 중앙도서관,공공(일반),경남,양산시
2060141177,오산시 꿈두레도서관,공공(일반),경기,오산시
2060145040,전주시립도서관 꽃심,공공(일반),전북,전주시
2060141030,평택시립 비전도서관,공공(일반),경기,평택시
2060141209,평택시립 진위도서관,공공(일반),경기,평택시
2030111001,4.19 혁명기념 도서관,공공(일반),서울,종로구
2060148009,거제시립장승포도서관,공공(일반),경남,거제시
2060148019,거창군립한마음도서관,공공(일반),경남,거창군
2050147029,경상북도교육청문화원,공공(일반),경북,포항시
2060141058,과천시정보과학도서관,공공(일반),경기,과천시
2060824004,광주남구푸른길도서관,공공(일반),광주,남구
2060111048,구립은평뉴타운도서관,공공(일반),서울,은평구
2060111049,금천구립금나래도서관,공공(일반),서울,금천구
2060122014,대구 동구 신천도서관,공공(일반),대구,동구
2060125001,대전광역시한밭도서관,공공(일반),대전,중구
2060111090,동대문구답십리도서관,공공(일반),서울,동대문구
2060111025,동대문구정보화도서관,공공(일반),서울,동대문구
2060147044,봉양 온누리터 도서관,공공(일반),경북,의성군
2060121031,부산진구기적의도서관,공공(일반),부산,부산진구
2060141115,부천시립꿈여울도서관,공공(일반),경기,부천시
2060141014,부천시립책마루도서관,공공(일반),경기,부천시
2060141089,부천시립한울빛도서관,공공(일반),경기,부천시
2060149004,서귀포시삼매봉도서관,공공(일반),제주,서귀포시
2060111038,성동구립무지개도서관,공공(일반),서울,성동구
2060141171,수원시광교홍재도서관,공공(일반),경기,수원시
2060141239,수원시망포글빛도서관,공공(일반),경기,수원시
2060141126,수원시태장마루도서관,공공(일반),경기,수원시
2060141200,수원시화서다산도서관,공공(일반),경기,수원시
2060146007,순천시립그림책도서관,공공(일반),전남,순천시
2060146008,순천시립도서관연향관,공공(일반),전남,순천시
2060146051,순천시립어울림도서관,공공(일반),전남,순천시
2060141078,양주시립꿈나무도서관,공공(일반),경기,양주시
20601110068,영등포생각공장도서관,공공(일반),서울,영등포구
2060141205,용인시양지해밀도서관,공공(일반),경기,용인시
2060142045,원주시 그림책 도서관,공공(일반),강원,원주시
2060141268,의왕시백운호수도서관,공공(일반),경기,의왕시
2060123031,인천광역시마전도서관,공공(일반),인천,서구
2060144013,장항농어촌공공도서관,공공(일반),충남,서천군
2060145033,전주시립쪽구름도서관,공공(일반),전북,전주시
2060143015,진천군립광혜원도서관,공공(일반),충북,진천군
2060142034,춘천시립청소년도서관,공공(일반),강원,춘천시
2060142036,평창군립대관령도서관,공공(일반),강원,평창군
2060141225,평택시립배다리도서관,공공(일반),경기,평택시
2060147042,포항시립구룡포도서관,공공(일반),경북,포항시
2060141254,화성시립노을빛도서관,공공(일반),경기,화성시
2060111057,구로구립 온누리도서관,공공(일반),서울,구로구
2060141279,남양주시 정약용도서관,공공(일반),경기,남양주시
2060122022,수성구립 무학숲도서관,공공(일반),대구,수성구
2060122004,수성구립 책숲길도서관,공공(일반),대구,수성구
2060144045,아산시 배방월천도서관,공공(일반),충남,아산시
2060144038,아산시 탕정온샘도서관,공공(일반),충남,아산시
2060148041,양산시립 윤현진도서관,공공(일반),경남,양산시
2060141102,양평 양서친환경도서관,공공(일반),경기,양평군
2060123010,인천광역시 율목도서관,공공(일반),인천,중구
2050121006,해운대도서관 우동분관,공공(일반),부산,해운대구
2050141008,경기도교육청과천도서관,공공(일반),경기,과천시
2050141005,경기도교육청광주도서관,공공(일반),경기,광주시
2050141003,경기도교육청김포도서관,공공(일반),경기,김포시
2050141007,경기도교육청성남도서관,공공(일반),경기,성남시
2050141001,경기도교육청중앙도서관,공공(일반),경기,수원시
2050141011,경기도교육청평생학습관,공공(일반),경기,수원시
2050141002,경기도교육청평택도서관,공공(일반),경기,평택시
2050141004,경기도교육청포천도서관,공공(일반),경기,포천시
2050141009,경기도교육청화성도서관,공공(일반),경기,화성시
2050147028,경상북도교육청정보센터,공공(일반),경북,경산시
2060141059,고양시립아람누리도서관,공공(일반),경기,고양시
2060124001,광주광역시립무등도서관,공공(일반),광주,북구
2060124002,광주광역시립사직도서관,공공(일반),광주,남구
2060124003,광주광역시립산수도서관,공공(일반),광주,동구
2060124008,광주남구문화정보도서관,공공(일반),광주,남구
2060147031,구미시립상모정수도서관,공공(일반),경북,구미시
2050122001,국채보상운동기념도서관,공공(일반),대구,중구
2060145011,김제시립도서관금구분관,공공(일반),전북,김제시
2060145010,김제시립도서관만경분관,공공(일반),전북,김제시
20601110026,내를건너서숲으로도서관,공공(일반),서울,은평구
2050122010,대구2.28기념학생도서관,공공(일반),대구,동구
2050122005,대구광역시립남부도서관,공공(일반),대구,남구
2050122011,대구광역시립달성도서관,공공(일반),대구,달성군
2050122003,대구광역시립동부도서관,공공(일반),대구,동구
2050122009,대구광역시립두류도서관,공공(일반),대구,달서구
2050122008,대구광역시립북부도서관,공공(일반),대구,북구
2050122006,대구광역시립서부도서관,공공(일반),대구,서구
2050122007,대구광역시립수성도서관,공공(일반),대구,수성구
2060141081,동두천꿈나무정보도서관,공공(일반),경기,동두천시
2060145020,무주형설지공군립도서관,공공(일반),전북,무주군
2050121007,부산광역시립구덕도서관,공공(일반),부산,서구
2050121009,부산광역시립구포도서관,공공(일반),부산,북구
2050121012,부산광역시립명장도서관,공공(일반),부산,동래구
2050121005,부산광역시립반송도서관,공공(일반),부산,해운대구
2050121004,부산광역시립부전도서관,공공(일반),부산,부산진구
2050121010,부산광역시립사하도서관,공공(일반),부산,사하구
2050121008,부산광역시립서동도서관,공공(일반),부산,금정구
2050121001,부산광역시립시민도서관,공공(일반),부산,부산진구
2050121011,부산광역시립연산도서관,공공(일반),부산,연제구
2050121002,부산광역시립중앙도서관,공공(일반),부산,중구
2060141267,부천시립별빛마루도서관,공공(일반),경기,부천시
2060141285,부천시립역곡밝은도서관,공공(일반),경기,부천시
2060143027,생거진천혁신도시도서관,공공(일반),충북,진천군
2060141218,수원시광교푸른숲도서관,공공(일반),경기,수원시
2060146031,순천시립조례호수도서관,공공(일반),전남,순천시
20601110030,어린이청소년국학도서관,공공(일반),서울,종로구
2060123007,인천광역시립수봉도서관,공공(일반),인천,미추홀구
2060123006,인천광역시립영종도서관,공공(일반),인천,중구
2060123001,인천광역시미추홀도서관,공공(일반),인천,남동구
2060111047,중곡문화체육센터도서관,공공(일반),서울,광진구
2060111019,중랑구립면목정보도서관,공공(일반),서울,중랑구
2060148033,중리초등복합시설도서관,공공(일반),경남,창원시
2060143029,충주어린이청소년도서관,공공(일반),충북,충주시
2050143016,충청북도중원교육문화원,공공(일반),충북,충주시
2060147026,포항시립동해석곡도서관,공공(일반),경북,포항시
2060147001,포항시립포은중앙도서관,공공(일반),경북,포항시
2030122005,꿈꾸는마을도서관 도토리,공공(일반),대구,북구
20601110053,마포구립 소금나루도서관,공공(일반),서울,마포구
2060141270,성남시 책테마파크도서관,공공(일반),경기,성남시
2060144046,아산시 음봉어울샘도서관,공공(일반),충남,아산시
2060145032,완주군립 둔산영어도서관,공공(일반),전북,완주군
2060141259,의왕시 포일어울림도서관,공공(일반),경기,의왕시
2060145008,익산시립도서관 마동분관,공공(일반),전북,익산시
2030111009,지샘터 올림픽공원도서관,공공(일반),서울,송파구
20601110063,강남구립개포하늘꿈도서관,공공(일반),서울,강남구
2060111006,강북청소년문화정보도서관,공공(일반),서울,강북구
2050141010,경기도교육청의정부도서관,공공(일반),경기,의정부시
2060122012,대구광역시북구대현도서관,공공(일반),대구,북구
2050121014,부산광역시립해운대도서관,공공(일반),부산,해운대구
20601110062,서초구립방배숲환경도서관,공공(일반),서울,서초구
20601110043,성동구립매봉산숲속도서관,공공(일반),서울,성동구
20601110005,소나무언덕잠실본동도서관,공공(일반),서울,송파구
2060141028,용인시구갈희망누리도서관,공공(일반),경기,용인시
2050146004,전라남도교육청광양도서관,공공(일반),전남,광양시
2050146008,전라남도교육청구례도서관,공공(일반),전남,구례군
2050146002,전라남도교육청나주도서관,공공(일반),전남,나주시
2050146003,전라남도교육청남평도서관,공공(일반),전남,나주시
2050146006,전라남도교육청담양도서관,공공(일반),전남,담양군
2050146001,전라남도교육청목포도서관,공공(일반),전남,목포시
2050146015,전라남도교육청무안도서관,공공(일반),전남,무안군
2050146010,전라남도교육청벌교도서관,공공(일반),전남,보성군
2050146009,전라남도교육청보성도서관,공공(일반),전남,보성군
2050146017,전라남도교육청영광도서관,공공(일반),전남,영광군
2050146014,전라남도교육청영암도서관,공공(일반),전남,영암군
2050146018,전라남도교육청장성도서관,공공(일반),전남,장성군
2050146012,전라남도교육청장흥도서관,공공(일반),전남,장흥군
2050146019,전라남도교육청진도도서관,공공(일반),전남,진도군
2050146016,전라남도교육청함평도서관,공공(일반),전남,함평군
2050146013,전라남도교육청해남도서관,공공(일반),전남,해남군
2050146011,전라남도교육청화순도서관,공공(일반),전남,화순군
2060145015,정읍시립도서관신태인분관,공공(일반),전북,정읍시
2050144017,충청남도교육청평생교육원,공공(일반),충남,천안시
2060141077,포천시립영중꿈나무도서관,공공(일반),경기,포천시
2060147035,포항시립어린이영어도서관,공공(일반),경북,포항시
2060141231,화성시립다원이음터도서관,공공(일반),경기,화성시
2060141255,화성시립서연이음터도서관,공공(일반),경기,화성시
2060141241,화성시립송린이음터도서관,공공(일반),경기,화성시
2060141249,화성시립왕배푸른숲도서관,공공(일반),경기,화성시
2050148012,경상남도교육청 거제도서관,공공(일반),경남,거제시
2050148023,경상남도교육청 거창도서관,공공(일반),경남,거창군
2050148018,경상남도교육청 고성도서관,공공(일반),경남,고성군
2050148007,경상남도교육청 김해도서관,공공(일반),경남,김해시
2050148016,경상남도교육청 남지도서관,공공(일반),경남,창녕군
2050148019,경상남도교육청 남해도서관,공공(일반),경남,남해군
2050148002,경상남도교육청 마산도서관,공공(일반),경남,창원시
2050148009,경상남도교육청 밀양도서관,공공(일반),경남,밀양시
2050148006,경상남도교육청 사천도서관,공공(일반),경남,사천시
2050148021,경상남도교육청 산청도서관,공공(일반),경남,산청군
2050148017,경상남도교육청 양산도서관,공공(일반),경남,양산시
2050148013,경상남도교육청 의령도서관,공공(일반),경남,의령군
2050148003,경상남도교육청 진동도서관,공공(일반),경남,창원시
2050148011,경상남도교육청 진양도서관,공공(일반),경남,진주시
2050148008,경상남도교육청 진영도서관,공공(일반),경남,김해시
2050148015,경상남도교육청 창녕도서관,공공(일반),경남,창녕군
2050148001,경상남도교육청 창원도서관,공공(일반),경남,창원시
2050148004,경상남도교육청 통영도서관,공공(일반),경남,통영시
2050148010,경상남도교육청 하남도서관,공공(일반),경남,밀양시
2050148020,경상남도교육청 하동도서관,공공(일반),경남,하동군
2050148014,경상남도교육청 함안도서관,공공(일반),경남,함안군
2050148022,경상남도교육청 함양도서관,공공(일반),경남,함양군
2050148024,경상남도교육청 합천도서관,공공(일반),경남,합천군
2050147021,경상북도교육청 고령도서관,공공(일반),경북,고령군
2050147001,경상북도교육청 구미도서관,공공(일반),경북,구미시
2050147012,경상북도교육청 금호도서관,공공(일반),경북,영천시
2050147025,경상북도교육청 봉화도서관,공공(일반),경북,봉화군
2050147003,경상북도교육청 상주도서관,공공(일반),경북,상주시
2050147023,경상북도교육청 성주도서관,공공(일반),경북,성주군
2050147002,경상북도교육청 안동도서관,공공(일반),경북,안동시
2050147019,경상북도교육청 영덕도서관,공공(일반),경북,영덕군
2050147018,경상북도교육청 영양도서관,공공(일반),경북,영양군
2050147004,경상북도교육청 영일도서관,공공(일반),경북,포항시
2050147024,경상북도교육청 예천도서관,공공(일반),경북,예천군
2050147008,경상북도교육청 외동도서관,공공(일반),경북,경주시
2050147027,경상북도교육청 울릉도서관,공공(일반),경북,울릉군
2050147026,경상북도교육청 울진도서관,공공(일반),경북,울진군
2050147016,경상북도교육청 의성도서관,공공(일반),경북,의성군
2050147006,경상북도교육청 점촌도서관,공공(일반),경북,문경시
2050147020,경상북도교육청 청도도서관,공공(일반),경북,청도군
2050147017,경상북도교육청 청송도서관,공공(일반),경북,청송군
2050147022,경상북도교육청 칠곡도서관,공공(일반),경북,칠곡군
2060141157,남양주시 진접푸른숲도서관,공공(일반),경기,남양주시
2060123025,인천광역시 영종하늘도서관,공공(일반),인천,중구
2060123024,인천광역시 청라국제도서관,공공(일반),인천,서구
2060123026,인천광역시 청라호수도서관,공공(일반),인천,서구
2060149013,제주특별자치도 한라도서관,공공(일반),제주,제주시
2050141006,경기도교육청여주가남도서관,공공(일반),경기,여주시
2050124001,광주광역시교육청중앙도서관,공공(일반),광주,동구
2060125004,대전광역시 동구 가오도서관,공공(일반),대전,동구
2060125002,대전광역시 동구 용운도서관,공공(일반),대전,동구
2060125005,대전광역시 동구 판암도서관,공공(일반),대전,동구
2060121022,부산광역시 남구 분포도서관,공공(일반),부산,남구
2060111017,서대문구립이진아기념도서관,공공(일반),서울,서대문구
2050111001,서울특별시교육청강남도서관,공공(일반),서울,강남구
2050111002,서울특별시교육청강동도서관,공공(일반),서울,강동구
2050111003,서울특별시교육청강서도서관,공공(일반),서울,강서구
2050111004,서울특별시교육청개포도서관,공공(일반),서울,강남구
2050111005,서울특별시교육청고척도서관,공공(일반),서울,구로구
2050111006,서울특별시교육청구로도서관,공공(일반),서울,구로구
2050111007,서울특별시교육청남산도서관,공공(일반),서울,용산구
2050111008,서울특별시교육청도봉도서관,공공(일반),서울,도봉구
2050111010,서울특별시교육청동작도서관,공공(일반),서울,동작구
2050111012,서울특별시교육청송파도서관,공공(일반),서울,송파구
2050111013,서울특별시교육청양천도서관,공공(일반),서울,양천구
2050111014,서울특별시교육청용산도서관,공공(일반),서울,용산구
2050111015,서울특별시교육청정독도서관,공공(일반),서울,종로구
2050111016,서울특별시교육청종로도서관,공공(일반),서울,종로구
2060145007,익산시립도서관(영등도서관),공공(일반),전북,익산시
2050123007,인천광역시교육청계양도서관,공공(일반),인천,계양구
2050123003,인천광역시교육청부평도서관,공공(일반),인천,부평구
2050123001,인천광역시교육청북구도서관,공공(일반),인천,부평구
2050123006,인천광역시교육청서구도서관,공공(일반),인천,서구
2050123008,인천광역시교육청연수도서관,공공(일반),인천,연수구
2050123004,인천광역시교육청주안도서관,공공(일반),인천,미추홀구
2050123002,인천광역시교육청중앙도서관,공공(일반),인천,남동구
2060144042,천안아산상생협력센터도서관,공공(일반),충남,천안시
2060141273,파주시립중앙도서관광탄분관,공공(일반),경기,파주시
2060141071,파주시립중앙도서관금촌분관,공공(일반),경기,파주시
2060141072,파주시립중앙도서관문산분관,공공(일반),경기,파주시
2060141073,파주시립중앙도서관법원분관,공공(일반),경기,파주시
2050148005,경상남도교육청 삼천포도서관,공공(일반),경남,사천시
2060122027,수성구립 수성못그림책도서관,공공(일반),대구,수성구
2060122013,2.28민주운동기념회관(도서관),공공(일반),대구,중구
2060124018,광주광역시립디지털정보도서관,공공(일반),광주,동구
2060125018,대전광역시 동구 무지개도서관,공공(일반),대전,동구
2050111009,서울특별시교육청동대문도서관,공공(일반),서울,동대문구
2050111011,서울특별시교육청서대문도서관,공공(일반),서울,서대문구
2060122025,수성구립황금책문화센터도서관,공공(일반),대구,수성구
2050123005,인천광역시교육청화도진도서관,공공(일반),인천,동구
2050146020,전라남도교육청고흥평생교육관,공공(일반),전남,고흥군
2050146005,전라남도교육청광양평생교육관,공공(일반),전남,광양시
2050144016,충청남도교육청남부평생교육원,공공(일반),충남,논산시
2050144015,충청남도교육청서부평생교육원,공공(일반),충남,서산시
2050144018,충청남도교육청학생교육문화원,공공(일반),충남,천안시
2060141246,화성시립동탄목동이음터도서관,공공(일반),경기,화성시
2060141197,화성시립동탄중앙이음터도서관,공공(일반),경기,화성시
2050147005,경상북도교육청 영주선비도서관,공공(일반),경북,영주시
2060141247,남양주시 이석영뉴미디어도서관,공공(일반),경기,남양주시
2060123023,인천광역시 송도국제기구도서관,공공(일반),인천,연수구
2050124003,광주광역시교육청금호평생교육관,공공(일반),광주,남구
2050121003,부산광역시립중앙도서관수정분관,공공(일반),부산,동구
2050146007,전라남도교육청곡성교육문화회관,공공(일반),전남,곡성군
2050146021,전라남도교육청학생교육문화회관,공공(일반),전남,여수시
2050145006,전북특별자치도교육청고창도서관,공공(일반),전북,고창군
2050145012,전북특별자치도교육청무주도서관,공공(일반),전북,무주군
2050145005,전북특별자치도교육청순창도서관,공공(일반),전북,순창군
2050145009,전북특별자치도교육청완주도서관,공공(일반),전북,완주군
2050145008,전북특별자치도교육청임실도서관,공공(일반),전북,임실군
2050145011,전북특별자치도교육청장수도서관,공공(일반),전북,장수군
2050145004,전북특별자치도교육청진안도서관,공공(일반),전북,진안군
20601110067,제기동감초마을현진건기념도서관,공공(일반),서울,동대문구
2060141120,화성시립동탄복합문화센터도서관,공공(일반),경기,화성시
2060141287,화성시립향남복합문화센터도서관,공공(일반),경기,화성시
2050148027,경상남도교육청 산청지리산도서관,공공(일반),경남,산청군
2050124004,광주광역시교육청학생교육문화회관,공공(일반),광주,서구
2050144001,충청남도공주교육지원청공주도서관,공공(일반),충남,공주시
2050144002,충청남도공주교육지원청유구도서관,공공(일반),충남,공주시
2050144003,충청남도금산교육지원청금산도서관,공공(일반),충남,금산군
2050144004,충청남도당진교육지원청당진도서관,공공(일반),충남,당진시
2050144005,충청남도보령교육지원청보령도서관,공공(일반),충남,보령시
2050144006,충청남도보령교육지원청웅천도서관,공공(일반),충남,보령시
2050144007,충청남도부여교육지원청부여도서관,공공(일반),충남,부여군
2050144008,충청남도서산교육지원청해미도서관,공공(일반),충남,서산시
2050144009,충청남도서천교육지원청서천도서관,공공(일반),충남,서천군
2050144010,충청남도아산교육지원청아산도서관,공공(일반),충남,아산시
2050144012,충청남도예산교육지원청예산도서관,공공(일반),충남,예산군
2050144013,충청남도천안교육지원청성환도서관,공공(일반),충남,천안시
2050144014,충청남도청양교육지원청청양도서관,공공(일반),충남,청양군
2050144019,충청남도태안교육지원청태안도서관,공공(일반),충남,태안군
2050144020,충청남도홍성교육지원청홍성도서관,공공(일반),충남,홍성군
2050147013,경상북도교육청 상주도서관화령분관,공공(일반),경북,상주시
2050147007,경상북도교육청 안동도서관용상분관,공공(일반),경북,안동시
2050147010,경상북도교육청 안동도서관풍산분관,공공(일반),경북,안동시
2050147014,경상북도교육청 점촌도서관가은분관,공공(일반),경북,문경시
2050147015,대구광역시교육청삼국유사군위도서관,공공(일반),대구,군위군
2050144011,세종특별자치시교육청평생교육학습관,공공(일반),세종,세종시
2050146022,전라남도교육청순천만생태문화교육원,공공(일반),전남,순천시
2050148026,경상남도교육청 김해지혜의바다도서관,공공(일반),경남,김해시
2050148025,경상남도교육청 마산지혜의바다도서관,공공(일반),경남,창원시
2030141002,한아름도서관 (수원청소년문화센터내),공공(일반),경기,수원시
2050124005,광주광역시교육청송정다가치문화도서관,공공(일반),광주,광산구
2050124002,광주광역시교육청학생독립운동기념회관,공공(일반),광주,서구
2050147011,경상북도교육청 영주선비도서관풍기분관,공공(일반),경북,영주시
2050111017,서울특별시교육청고덕평생학습관(도서관),공공(일반),서울,강동구
2050111021,서울특별시교육청노원평생학습관(도서관),공공(일반),서울,노원구
2050111018,서울특별시교육청마포평생학습관(도서관),공공(일반),서울,마포구
2050145017,전북특별자치도교육청군산학생교육문화관,공공(일반),전북,군산시
2050145018,전북특별자치도교육청김제학생교육문화관,공공(일반),전북,김제시
2050145003,전북특별자치도교육청남원학생교육문화관,공공(일반),전북,남원시
2050145010,전북특별자치도교육청부안학생교육문화관,공공(일반),전북,부안군
2050145001,전북특별자치도교육청익산학생교육문화관,공공(일반),전북,익산시
2050145016,전북특별자치도교육청전주학생교육문화관,공공(일반),전북,전주시
2050111020,서울특별시교육청영등포평생학습관(도서관),공공(일반),서울,영등포구
2050124006,광주광역시교육청중앙도서관 분관 최상준도서관,공공(일반),광주,북구
2050111019,서울특별시교육청마포평생학습관(도서관) 아현분관,공공(일반),서울,마포구
2050145014,전북특별자치도교육청군산학생교육문화관 대야분관,공공(일반),전북,군산시
2050145007,전북특별자치도교육청김제학생교육문화관 금산분관,공공(일반),전북,김제시
2050145013,전북특별자치도교육청남원학생교육문화관 운봉분관,공공(일반),전북,남원시
2050145002,전북특별자치도교육청익산학생교육문화관 함열분관,공공(일반),전북,익산시
2030141008,한국장학재단-은행권 제1호 대학생연합생활관 인성교육관 도서관,공공(일반),경기,고양시
2060811018,둘리도서관,공공(어린이),서울,도봉구
2060845002,늘푸른도서관,공공(어린이),전북,군산시
2030842001,담작은도서관,공공(어린이),강원,춘천시
2060811007,해오름도서관,공공(어린이),서울,성북구
2060846003,광양희망도서관,공공(어린이),전남,광양시
2060843004,맹동혁신도서관,공공(어린이),충북,음성군
2060821005,강서기적의도서관,공공(어린이),부산,강서구
2060846004,곡성어린이도서관,공공(어린이),전남,곡성군
2060811020,궁동어린이도서관,공공(어린이),서울,구로구
2060844001,금산기적의도서관,공공(어린이),충남,금산군
2060811003,길꽃어린이도서관,공공(어린이),서울,강서구
2060848006,김해기적의도서관,공공(어린이),경남,김해시
2030821001,꿈키어린이도서관,공공(어린이),부산,동래구
2060848010,남부어린이도서관,공공(어린이),경남,진주시
2060811001,노원어린이도서관,공공(어린이),서울,노원구
2060822001,달서어린이도서관,공공(어린이),대구,달서구
2060811016,대방어린이도서관,공공(어린이),서울,동작구
2060811017,도봉기적의도서관,공공(어린이),서울,도봉구
2060831002,명촌어린이도서관,공공(어린이),울산,북구
2060846002,목포어린이도서관,공공(어린이),전남,목포시
2030841001,반달어린이도서관,공공(어린이),경기,수원시
2060823010,부개어린이도서관,공공(어린이),인천,부평구
2060823001,부평기적의도서관,공공(어린이),인천,부평구
2050825001,산성어린이도서관,공공(어린이),대전,중구
2020125001,서구어린이도서관,공공(어린이),대전,서구
2060822002,서구어린이도서관,공공(어린이),대구,서구
2060844003,서산어린이도서관,공공(어린이),충남,서산시
2060811006,송파어린이도서관,공공(어린이),서울,송파구
2060846001,순천기적의도서관,공공(어린이),전남,순천시
2060841004,안양어린이도서관,공공(어린이),경기,안양시
2060831003,옥현어린이도서관,공공(어린이),울산,남구
2060824002,운남어린이도서관,공공(어린이),광주,광산구
2060811025,월계어린이도서관,공공(어린이),서울,노원구
2060811029,장안어린이도서관,공공(어린이),서울,동대문구
2060821001,재송어린이도서관,공공(어린이),부산,해운대구
2060821004,정관어린이도서관,공공(어린이),부산,기장군
2060841017,정왕어린이도서관,공공(어린이),경기,시흥시
2060845001,정읍기적의도서관,공공(어린이),전북,정읍시
2060843002,제천기적의도서관,공공(어린이),충북,제천시
2060848002,진해기적의도서관,공공(어린이),경남,창원시
2060847001,청도어린이도서관,공공(어린이),경북,청도군
2060843001,청주기적의도서관,공공(어린이),충북,청주시
2060811030,하계어린이도서관,공공(어린이),서울,노원구
2060843005,호암어린이도서관,공공(어린이),충북,충주시
2060842001,화천어린이도서관,공공(어린이),강원,화천군
2030841002,화홍어린이도서관,공공(어린이),경기,수원시
2060811015,휘경어린이도서관,공공(어린이),서울,동대문구
2030848001,마하 어린이도서관,공공(어린이),경남,진주시
2060811005,꿈꾸는어린이도서관,공공(어린이),서울,강서구
2060111045,도봉아이나라도서관,공공(어린이),서울,도봉구
2060111043,동작영어마루도서관,공공(어린이),서울,동작구
2060841003,바른샘어린이도서관,공공(어린이),경기,수원시
2060848007,사천시어린이도서관,공공(어린이),경남,사천시
2060811022,삼각산어린이도서관,공공(어린이),서울,강북구
2060849002,서귀포기적의도서관,공공(어린이),제주,서귀포시
2060811026,손기정어린이도서관,공공(어린이),서울,중구
2060821007,수영구어린이도서관,공공(어린이),부산,수영구
2060841001,슬기샘어린이도서관,공공(어린이),경기,수원시
2060811023,아리랑어린이도서관,공공(어린이),서울,성북구
2060841023,의왕시글로벌도서관,공공(어린이),경기,의왕시
2060849001,제주시기적의도서관,공공(어린이),제주,제주시
2060811014,중랑숲어린이도서관,공공(어린이),서울,중랑구
2060841002,지혜샘어린이도서관,공공(어린이),경기,수원시
2060841008,군포시 어린이도서관,공공(어린이),경기,군포시
2060823017,별똥별 어린이도서관,공공(어린이),인천,계양구
2060848008,양산시립 상북도서관,공공(어린이),경남,양산시
2060821002,영도도서관 남항분관,공공(어린이),부산,영도구
2060841016,이천시 어린이도서관,공공(어린이),경기,이천시
2060811032,광진어린이영어도서관,공공(어린이),서울,광진구
2060848011,김해어린이영어도서관,공공(어린이),경남,김해시
2060811012,남산타운어린이도서관,공공(어린이),서울,중구
2060821006,동구어린이영어도서관,공공(어린이),부산,동구
2060811021,못골한옥어린이도서관,공공(어린이),서울,강남구
2060823011,송도국제어린이도서관,공공(어린이),인천,연수구
2060811019,송파어린이영어도서관,공공(어린이),서울,송파구
2060847002,안동시립어린이도서관,공공(어린이),경북,안동시
2060841006,안산단원어린이도서관,공공(어린이),경기,안산시
2060124010,어린이생태학습도서관,공공(어린이),광주,서구
2060811031,용두어린이영어도서관,공공(어린이),서울,동대문구
2060831001,울산북구기적의도서관,공공(어린이),울산,북구
2060822005,서구 어린이영어도서관,공공(어린이),대구,서구
2060822004,수성구립 물망이도서관,공공(어린이),대구,수성구
2060811013,글마루한옥어린이도서관,공공(어린이),서울,구로구
2060811008,남가좌새롬어린이도서관,공공(어린이),서울,서대문구
2060811024,마포푸르메어린이도서관,공공(어린이),서울,마포구
2060841022,성남시중원어린이도서관,공공(어린이),경기,성남시
2060841024,성남시판교어린이도서관,공공(어린이),경기,성남시
2060849003,제주꿈바당어린이도서관,공공(어린이),제주,제주시
2060848001,진주시어린이전문도서관,공공(어린이),경남,진주시
2060843003,청주신율봉어린이도서관,공공(어린이),충북,청주시
2060841018,평택시립지산초록도서관,공공(어린이),경기,평택시
2060841010,고양시립주엽어린이도서관,공공(어린이),경기,고양시
2060841012,고양시립행신어린이도서관,공공(어린이),경기,고양시
2060841011,고양시립화정어린이도서관,공공(어린이),경기,고양시
2060845003,남원시어린이청소년도서관,공공(어린이),전북,남원시
2060841005,안산시립상록어린이도서관,공공(어린이),경기,안산시
2060841027,안양시립큰샘어린이도서관,공공(어린이),경기,안양시
2060841020,오산시립 햇살마루 도서관,공공(어린이),경기,오산시
2060821003,부산진구어린이청소년도서관,공공(어린이),부산,부산진구
2050823001,인천광역시교육청평생학습관,공공(어린이),인천,연수구
2050811001,서울특별시교육청어린이도서관,공공(어린이),서울,종로구
2060844002,아산시꿈샘어린이청소년도서관,공공(어린이),충남,아산시
2060841026,화성시립달빛나래어린이도서관,공공(어린이),경기,화성시
2060841015,화성시립두빛나래어린이도서관,공공(어린이),경기,화성시
2060841021,화성시립둥지나래어린이도서관,공공(어린이),경기,화성시
